{
  "name": "TReK G50 TIJUANA",
  "vendorId": "0x1209",
  "productId": "0xFF02",
  "matrix": { "rows": 10, "cols": 7 },
  "layouts": {
    "keymap": [
      [ { "rx": 5.675, "ry": 3.84, "y": -0.13999999999999968, "x": -0.27499999999999947, "c": "#bbbbbb", "w": 1.25 }, "3,3" ],
      [ { "rx": 8.17, "ry": 0, "y": 0.25, "x": -7.92 }, "0,0", { "x": 13.71, "w": 1.5 }, "5,6" ],
      [ { "y": -0.95, "x": -0.8099999999999996, "w": 0.5 }, "2,0\n\n\n\n\n\n\n\n\ne" ],
      [ { "y": -1, "x": -0.3200000000000003 }, "4,6" ],
      [ { "y": -1, "x": 0.6799999999999997, "w": 0.5 }, "2,1\n\n\n\n\n\n\n\n\ne" ],
      [ { "y": -0.010000000000000009, "x": -7.92, "w": 1.25 }, "1,0", { "x": 13.7, "w": 1.25 }, "6,6" ],
      [ { "y": -0.8400000000000001, "x": -1.3200000000000003 }, "0,6", "5,0", "5,1" ],
      [ { "y": -0.1200000000000001, "x": -7.92, "w": 1.5 }, "2,0", { "x": 13.21, "w": 1.5 }, "7,6" ],
      [ { "y": -0.8799999999999999, "x": -1.3200000000000003 }, "1,6", "6,0", "6,1" ],
      [ { "x": -1.3200000000000003 }, "3,5", "2,6", "7,0" ],
      [ { "y": -0.40000000000000036, "x": -7.67, "w": 1.25, "h": 1.25 }, "4,0", { "x": 13.25, "w": 1.25, "h": 1.25 }, "9,6" ],
      [ { "y": -0.8499999999999996, "x": -8.17, "w": 0.5 }, "0,0\n\n\n\n\n\n\n\n\ne", { "x": 1.25, "w": 0.5 }, "0,1\n\n\n\n\n\n\n\n\ne", { "x": 12.25, "w": 0.5 }, "1,0\n\n\n\n\n\n\n\n\ne", { "x": 1.25, "w": 0.5 }, "1,1\n\n\n\n\n\n\n\n\ne" ],
      [ { "y": -0.75, "x": -1.3200000000000003 }, "3,4", "3,6", "8,0" ],
      [ { "rx": 10.535, "ry": 3.95, "y": -0.25, "x": -0.48499999999999943, "w": 1.25 }, "8,1" ],
      [ { "r": 2, "rx": 8.17, "ry": 0, "y": 0.5, "x": -6.88 }, "0,1" ],
      [ { "y": -0.75, "x": -2.8200000000000003 }, "0,5" ],
      [ { "y": -0.19999999999999996, "x": -6.59 }, "1,1" ],
      [ { "y": -0.7899999999999998, "x": -2.51 }, "1,5" ],
      [ { "y": -0.19999999999999973, "x": -6.31 }, "2,1" ],
      [ { "y": -0.79, "x": -2.24 }, "2,5" ],
      [ { "y": -0.16000000000000014, "x": 3.2699999999999996, "w": 1.75 }, "8,2" ],
      [ { "r": 4, "y": -3.8599999999999994, "x": -5.84 }, "0,2" ],
      [ { "y": -0.9, "x": -3.8 }, "0,4" ],
      [ { "y": -0.08000000000000007, "x": -5.5 }, "1,2" ],
      [ { "y": -0.9099999999999999, "x": -3.4699999999999998 }, "1,4" ],
      [ { "y": -0.08000000000000052, "x": -5.1899999999999995 }, "2,2" ],
      [ { "y": -0.9099999999999997, "x": -3.16 }, "2,4" ],
      [ { "rx": 13.305, "ry": 4.12, "y": -0.30000000000000027, "x": -0.23499999999999943, "w": 1.25 }, "8,3" ],
      [ { "r": 6, "rx": 8.17, "ry": 0, "y": 0.95, "x": -4.779999999999999 }, "0,3" ],
      [ { "y": 0.010000000000000009, "x": -4.41 }, "1,3" ],
      [ { "y": 0.010000000000000231, "x": -4.07 }, "2,3" ],
      [ { "r": -6, "y": -3.0200000000000005, "x": 3.6500000000000004 }, "5,4" ],
      [ { "y": 0.010000000000000231, "x": 3.7699999999999996 }, "6,4" ],
      [ { "y": 0.010000000000000231, "x": 3.4299999999999997 }, "7,3" ],
      [ { "r": -4, "rx": 2.915, "ry": 4.12, "y": -0.31000000000000005, "x": -0.5449999999999999, "w": 1.25 }, "3,1" ],
      [ { "rx": 8.17, "ry": 0, "y": 0.75, "x": 4.710000000000001 }, "8,4" ],
      [ { "y": -0.9, "x": 2.67 }, "5,3" ],
      [ { "y": -0.08000000000000007, "x": 4.859999999999999 }, "5,5" ],
      [ { "y": -0.9099999999999999, "x": 2.83 }, "6,3" ],
      [ { "y": -0.08000000000000052, "x": 4.5600000000000005 }, "7,4" ],
      [ { "y": -0.9099999999999997, "x": 2.5199999999999996 }, "7,2" ],
      [ { "r": -2, "rx": 4.285, "ry": 3.96, "y": -0.22999999999999998, "x": -0.645, "w": 1.75 }, "3,2" ],
      [ { "rx": 8.17, "ry": 0, "y": 0.5, "x": 5.75 }, "7,5" ],
      [ { "y": -0.75, "x": 1.6799999999999997 }, "5,2" ],
      [ { "y": -0.19999999999999996, "x": 5.949999999999999 }, "8,5" ],
      [ { "y": -0.7899999999999998, "x": 1.8800000000000008 }, "6,2" ],
      [ { "y": -0.19999999999999973, "x": 5.68 }, "6,5" ],
      [ { "y": -0.79, "x": 1.6099999999999994 }, "7,1" ]
    ]
  }
}
