{
  "lighting": "none",
  "matrix": {
    "rows": 10,
    "cols": 7
  },
  "layouts": {
    "keymap": [
      [ { "rx": 5.675, "ry": 3.84, "y": -0.14000000000000012, "x": -0.27500000000000036, "c": "#bbbbbb", "w": 1.25 }, "3,3" ],
      [ { "rx": 8.17, "ry": 0, "y": 0.25, "x": -7.92 }, "0,0", { "x": 13.71, "w": 1.5 }, "5,6" ],
      [ { "y": -0.95, "x": -1.3099999999999996 }, "2,0\n\n\n\n\n\n\n\n\ne" ],
      [ { "y": -1, "x": 0.6799999999999997 }, "2,1\n\n\n\n\n\n\n\n\ne", { "x": -2 }, "4,6" ],
      [ { "y": -0.010000000000000009, "x": -7.92, "w": 1.25 }, "1,0", { "x": 13.7, "w": 1.25 }, "6,6" ],
      [ { "y": -0.8399999999999999, "x": -1.3200000000000003 }, "0,6", "5,0", "5,1" ],
      [ { "y": -0.1200000000000001, "x": -7.92, "w": 1.5 }, "2,0", { "x": 13.21, "w": 1.5 }, "7,6" ],
      [ { "y": -0.8799999999999999, "x": -1.3200000000000003 }, "1,6", "6,0", "6,1" ],
      [ { "x": -1.3200000000000003 }, "3,5", "2,6", "7,0" ],
      [ { "y": -0.40000000000000036, "x": -7.67, "w": 1.25, "h": 1.25 }, "4,0", { "x": 13.25, "w": 1.25, "h": 1.25 }, "9,6" ],
      [ { "y": -0.5999999999999996, "x": -1.3200000000000003 }, "3,4", "3,6", "8,0" ],
      [ { "y": -0.15000000000000036, "x": -8.17 }, "0,0\n\n\n\n\n\n\n\n\ne", { "x": 0.28 }, "0,1\n\n\n\n\n\n\n\n\ne", { "x": 12.219999999999999 }, "1,0\n\n\n\n\n\n\n\n\ne", { "x": 0.25 }, "1,1\n\n\n\n\n\n\n\n\ne" ],
      [ { "rx": 10.535, "ry": 3.95, "y": -0.25, "x": -0.48499999999999943, "w": 1.25 }, "8,1" ],
      [ { "r": 2, "rx": 8.17, "ry": 0, "y": 0.5, "x": -6.88 }, "0,1" ],
      [ { "y": -0.75, "x": -2.8200000000000003 }, "0,5" ],
      [ { "y": -0.19999999999999996, "x": -6.59 }, "1,1" ],
      [ { "y": -0.79, "x": -2.51 }, "1,5" ],
      [ { "y": -0.20000000000000018, "x": -6.31 }, "2,1" ],
      [ { "y": -0.79, "x": -2.24 }, "2,5" ],
      [ { "y": -0.16000000000000014, "x": 3.2699999999999996, "w": 1.75 }, "8,2" ],
      [ { "r": 4, "y": -3.86, "x": -5.84 }, "0,2" ],
      [ { "y": -0.9, "x": -3.8 }, "0,4" ],
      [ { "y": -0.08000000000000007, "x": -5.5 }, "1,2" ],
      [ { "y": -0.9100000000000001, "x": -3.4700000000000006 }, "1,4" ],
      [ { "y": -0.08000000000000007, "x": -5.19 }, "2,2" ],
      [ { "y": -0.9100000000000001, "x": -3.16 }, "2,4" ],
      [ { "rx": 13.305, "ry": 4.12, "y": -0.2999999999999998, "x": -0.23499999999999943, "w": 1.25 }, "8,3" ],
      [ { "r": 6, "rx": 8.17, "ry": 0, "y": 0.95, "x": -4.78 }, "0,3" ],
      [ { "y": 0.010000000000000009, "x": -4.41 }, "1,3" ],
      [ { "y": 0.009999999999999787, "x": -4.07 }, "2,3" ],
      [ { "r": -6, "y": -3.02, "x": 3.6500000000000004 }, "5,4" ],
      [ { "y": 0.010000000000000009, "x": 3.7699999999999996 }, "6,4" ],
      [ { "y": 0.009999999999999787, "x": 3.4299999999999997 }, "7,3" ],
      [ { "r": -4, "rx": 2.915, "ry": 4.12, "y": -0.31000000000000005, "x": -0.5449999999999999, "w": 1.25 }, "3,1" ],
      [ { "rx": 8.17, "ry": 0, "y": 0.75, "x": 4.709999999999999 }, "8,4" ],
      [ { "y": -0.9, "x": 2.67 }, "5,3" ],
      [ { "y": -0.08000000000000007, "x": 4.860000000000001 }, "5,5" ],
      [ { "y": -0.9100000000000001, "x": 2.83 }, "6,3" ],
      [ { "y": -0.08000000000000007, "x": 4.5600000000000005 }, "7,4" ],
      [ { "y": -0.9100000000000001, "x": 2.5199999999999996 }, "7,2" ],
      [ { "r": -2, "rx": 4.285, "ry": 3.96, "y": -0.22999999999999998, "x": -0.645, "w": 1.75 }, "3,2" ],
      [ { "rx": 8.17, "ry": 0, "y": 0.5, "x": 5.75 }, "7,5" ],
      [ { "y": -0.75, "x": 1.6799999999999997 }, "5,2" ],
      [ { "y": -0.19999999999999996, "x": 5.950000000000001 }, "8,5" ],
      [ { "y": -0.79, "x": 1.8800000000000008 }, "6,2" ],
      [ { "y": -0.20000000000000018, "x": 5.68 }, "6,5" ],
      [ { "y": -0.79, "x": 1.6099999999999994 }, "7,1" ]
    ]
  }
}
